"PrincipalLast","PrincipalFirst","Office","Party","State","District","Winner","idtext"
"Biden","Joe","President","D",NA,NA,TRUE,"Paid for by Biden for President"
"Trump","Donald","President","R",NA,NA,FALSE,"Trump Make America Great Again Committee"
"DSCC",NA,"Coordinated","D",NA,NA,NA,""
"DCCC",NA,"Coordinated","D",NA,NA,NA,""
"DLCC",NA,"Coordinated","D",NA,NA,NA,""
"NRCC",NA,"Coordinated","R",NA,NA,NA,""
"NRSC",NA,"Coordinated","R",NA,NA,NA,""
"Tuberville","Tommy","Senate","R","AL",NA,TRUE,""
"Jones","Doug","Senate","D","AL",NA,FALSE,""
"Sullivan","Dan","Senate","R","AK",NA,TRUE,""
"Kelly","Mark","Senate","D","AZ",NA,TRUE,""
"McSally","Martha","Senate","R","AZ",NA,FALSE,""
"Cotton","Tom","Senate","R","AK",NA,TRUE,""
"Hickenlooper","John","Senate","D","CO",NA,TRUE,""
"Garder","Cory","Senate","R","CO",NA,FALSE,""
"Coons","Crhis","Senate","D","DE",NA,TRUE,""
"Witzke","Lauren","Senate","R","DE",NA,FALSE,""
"Perdue","David","Senate","R","GA",NA,FALSE,""
"Ossoff","Jon","Senate","D","GA",NA,TRUE,""
"Warnock","Raphael","Senate","D","GA",NA,TRUE,""
"Loeffler","Kelly","Senate","R","GA",NA,FALSE,""
"Risch","Jim","Senate","R","ID",NA,TRUE,""
"Jordan","Paulette","Senate","D","ID",NA,FALSE,""
"Durbin","Dick","Senate","D","IL",NA,TRUE,""
"Curran","Mark","Senate","R","IL",NA,FALSE,""
"Ernst","Joni","Senate","R","IA",NA,TRUE,""
"Greenfield","Theresa","Senate","D","IA",NA,TRUE,""
"Marshall","Roger","Senate","R","KS",NA,TRUE,""
"Bollier","Barbara","Senate","D","KS",NA,FALSE,""
"McConnell","Mitch","Senate","R","KY",NA,TRUE,""
"McGrath","Amy","Senate","D","KY",NA,FALSE,""
"Cassidy","Bill","Senate","R","LA",NA,TRUE,""
"Perkins","Adrian","Senate","D","LA",NA,FALSE,""
"Edwards","Derrick","Senate","D","LA",NA,FALSE,""
"Collins","Susan","Senate","R","ME",NA,TRUE,""
"Gideon","Sara","Senate","D","ME",NA,FALSE,""
"Markey","Ed","Senate","D","MA",NA,TRUE,""
"O'Connor","Kevin","Senate","R","MA",NA,FALSE,""
"Peters","Gary","Senate","D","MI",NA,TRUE,""
"James","John","Senate","R","MI",NA,FALSE,""
"Smith","Tina","Senate","D","MN",NA,TRUE,""
"Lewis","Jason","Senate","R","MN",NA,FALSE,""
"Hyde-Smith","Cindy","Senate","R","MS",NA,TRUE,""
"Espy","Mike","Senate","R","MS",NA,FALSE,""
"Daines","Steve","Senate","R","MT",NA,TRUE,""
"Bullock","Steve","Senate","R","MT",NA,FALSE,""
"Sasse","Ben","Senate","R","NE",NA,TRUE,""
"Janicek","Chris","Senate","D","NE",NA,FALSE,""
"Shaheen","Jeanne","Senate","D","NH",NA,TRUE,""
"Messner","Corky","Senate","R","NH",NA,FALSE,""
"Booker","Cory","Senate","D","NJ",NA,TRUE,""
"Mehta","Rik","Senate","R","NJ",NA,FALSE,""
"Luján","Ben Ray","Senate","D","NM",NA,TRUE,""
"Ronchetti","Mark","Senate","R","NM",NA,FALSE,""
"Tillis","Thom","Senate","R","NC",NA,TRUE,""
"Cunningham","Cal","Senate","R","NC",NA,FALSE,""
"Inhofe","Jim","Senate","R","OK",NA,TRUE,""
"Broyles","Abby","Senate","R","OK",NA,FALSE,""
"Merkley","Jeff","Senate","D","OR",NA,TRUE,""
"Perkins","Jo Rae","Senate","R","OR",NA,FALSE,""
"Reed","Jack","Senate","D","RI",NA,TRUE,""
"Waters","Allen","Senate","R","RI",NA,FALSE,""
"Graham","Lindsey","Senate","R","SC",NA,TRUE,""
"Harrison","Jaime","Senate","D","SC",NA,FALSE,""
"Rounds","Mike","Senate","R","SD",NA,TRUE,""
"Ahlers","Dan","Senate","D","SD",NA,FALSE,""
"Hagerty","Bill","Senate","R","TN",NA,TRUE,""
"Bradshaw","Marquita","Senate","D","TN",NA,FALSE,""
"Cornyn","John","Senate","R","TX",NA,TRUE,""
"Hegar","MJ","Senate","D","TX",NA,FALSE,""
"Warner","Mark","Senate","D","VA",NA,TRUE,""
"Gade","Daniel","Senate","R","VA",NA,FALSE,""
"Capito","Shelley Moore","Senate","R","VA",NA,TRUE,""
"Swearengin","Paula Jean","Senate","D","WV",NA,FALSE,""
"Lummis","Cynthia","Senate","R","WY",NA,TRUE,""
"Ben-David","Merav","Senate","D","WY",NA,FALSE,""
"Carl","Jerry","House","R","AL",1,TRUE,""
"Averhart","James","House","D","AL",1,FALSE,""
"Blunt Rochester","Lisa","House","D","DE",1,TRUE,""
"Murphy","Lee","House","R","DE",1,FALSE,""
"Gaetz","Matt","House","R","FL",1,TRUE,""
"Her","Phil","House","D","FL",1,FALSE,""
"Dunn","Neal","House","R","FL",2,TRUE,""
"Cammack","Kat","House","R","FL",3,TRUE,""
"Christensen","Adam","House","D","FL",3,FALSE,""
"Rutherford","John","House","R","FL",4,TRUE,""
"Deegan","Donna","House","D","FL",4,FALSE,""
"Lawson","Al","House","D","FL",5,TRUE,""
"Adler","Gary","House","R","FL",5,FALSE,""
"Waltz","Michael","House","R","FL",6,TRUE,""
"Curtis","Clint","House","D","FL",6,FALSE,""
"Murphy","Stephanie","House","D","FL",7,TRUE,""
"Valentin","Leo","House","R","FL",7,FALSE,""
"Posey","Bill","House","R","FL",8,TRUE,""
"Kennedy","Jim","House","D","FL",8,FALSE,""
"Soto","Darren","House","D","FL",9,TRUE,""
"Olson","Bill","House","R","FL",9,FALSE,""
"Demings","Val","House","D","FL",10,TRUE,""
"Francois","Vennia","House","R","FL",10,FALSE,""
"Webster","Daniel","House","R","FL",11,TRUE,""
"Cottrell","Dana","House","D","FL",11,FALSE,""
"Bilirakis","Gus","House","R","FL",12,TRUE,""
"Walker","Kimberly","House","D","FL",12,FALSE,""
"Crist","Charlie","House","D","FL",13,TRUE,""
"Paulina Luna","Anna","House","R","FL",13,FALSE,""
"Castor","Kathy","House","D","FL",14,TRUE,""
"Quinn","Christine","House","R","FL",14,FALSE,""
"Franklin","Scott","House","R","FL",15,TRUE,""
"Cohn","Alan","House","D","FL",15,FALSE,""
"Buchanan","Vern","House","R","FL",16,TRUE,""
"Good","Margaret","House","D","FL",16,FALSE,""
"Steube","Greg","House","R","FL",17,TRUE,""
"Ellison","Allen","House","D","FL",17,FALSE,""
"Mast","Brian","House","R","FL",18,TRUE,""
"Keith","Pam","House","D","FL",18,FALSE,""
"Donalds","Byron","House","R","FL",19,TRUE,""
"Banyai","Cindy","House","D","FL",19,FALSE,""
"Hastings","Alcee","House","D","FL",20,TRUE,""
"Musselwhite","Greg","House","R","FL",20,FALSE,""
"Frankel","Lois","House","D","FL",21,TRUE,""
"Loomer","Laura","House","R","FL",21,FALSE,""
"Deutch","Ted","House","D","FL",22,TRUE,""
"Pruden","Jim","House","R","FL",22,FALSE,""
"Wasserman Schutz","Debbie","House","D","FL",23,TRUE,""
"Spalding","Carla","House","R","FL",23,FALSE,""
"Wilson","Frederica","House","D","FL",24,TRUE,""
"Spicer","Lavern","House","R","FL",24,FALSE,""
"Diaz-Balart","Mario","House","R","FL",25,TRUE,""
"Gimenez","Carlos A.","House","R","FL",26,TRUE,""
"Mucarsel-Powell","Debbie","House","D","FL",26,FALSE,""
"Elvira Salazar","Maria","House","R","FL",27,TRUE,""
"Shalala","Donna","House","D","FL",27,FALSE,""
"Carter","Buddy","House","R","GA",1,TRUE,""
"Griggs","Joyce","House","D","GA",1,FALSE,""
"Bishop","Sanford","House","D","GA",2,TRUE,""
"Cole","Don","House","R","GA",2,FALSE,""
"Ferguson","Drew","House","R","GA",3,TRUE,""
"Almonord","Val","House","D","GA",3,FALSE,""
"Johnson","Hank","House","D","GA",4,TRUE,""
"Cruz","Johsie","House","R","GA",4,FALSE,""
"Williams","Nikema","House","D","GA",5,TRUE,""
"Stanton-King","Angela","House","R","GA",5,FALSE,""
"McBath","Lucy","House","D","GA",6,TRUE,""
"Handel","Karen","House","R","GA",6,FALSE,""
"Bourdeaux","Carolyn","House","D","GA",7,TRUE,""
"McCormick","Rich","House","R","GA",7,FALSE,""
"Scott","Austin","House","R","GA",8,TRUE,""
"Holliday","Lindsay","House","D","GA",8,FALSE,""
"Clyde","Andrew","House","R","GA",9,TRUE,""
"Pandy","Devin","House","D","GA",9,FALSE,""
"Hice","Jody","House","R","GA",10,TRUE,""
"Johnson-Green","Tabitha","House","D","GA",10,FALSE,""
"Loudermilk","Barry","House","R","GA",11,TRUE,""
"Barrett","Dana","House","D","GA",11,FALSE,""
"Allen","Rick W.","House","R","GA",12,TRUE,""
"Johnson","Liz","House","D","GA",12,FALSE,""
"Scott","David","House","D","GA",13,TRUE,""
"Hites","Becky","House","R","GA",13,FALSE,""
"Taylor Greene","Marjorie","House","R","GA",14,TRUE,""
"Van Ausdal","Kevin","House","D","GA",14,FALSE,""
"Case","Ed","House","D","HI",1,TRUE,""
"Curtis","Ron","House","R","HI",1,FALSE,""
"Kahele","Kai","House","D","HI",2,TRUE,""
"Akana","Joe","House","R","HI",2,FALSE,""
"Fulcher","Russ","House","R","ID",1,TRUE,""
"Roto","Rudy","House","D","ID",1,FALSE,""
"Simpson","Mike","House","R","ID",2,TRUE,""
"Swisher","C. Aaron","House","D","ID",2,FALSE,""
"Rush","Bobby","House","D","IL",1,TRUE,""
"White","Philanise","House","R","IL",1,FALSE,""
"Kelly","Robin","House","D","IL",2,TRUE,""
"Raborn","Theresa","House","R","IL",2,FALSE,""
"Newman","Marie","House","D","IL",3,TRUE,""
"Fricilone","Mike","House","R","IL",3,FALSE,""
"Garcia","Jesus","House","D","IL",4,TRUE,""
"Solorio","Jesus","House","R","IL",4,FALSE,""
"Quigley","Mike","House","D","IL",5,TRUE,""
"Hanson","Tommy","House","R","IL",5,FALSE,""
"Casten","Sean","House","D","IL",6,TRUE,""
"Ives","Jeanne","House","R","IL",6,FALSE,""
"Davis","Danny K.","House","D","IL",7,TRUE,""
"Cameron","Craig","House","R","IL",7,FALSE,""
"Krishnamoorthi","Raja","House","D","IL",8,TRUE,""
"Nelson","Preston","House","R","IL",8,FALSE,""
"Schakowsky","Jan","House","D","IL",9,TRUE,""
"Sangari","Sargis","House","R","IL",9,FALSE,""
"Schneider","Brad","House","D","IL",10,TRUE,""
"Mukherjee","Valerie","House","R","IL",10,FALSE,""
"Foster","Bill","House","D","IL",11,TRUE,""
"Laib","Rick","House","R","IL",11,FALSE,""
"Bost","Mike","House","R","IL",12,TRUE,""
"Lenzi","Raymond","House","D","IL",12,FALSE,""
"Davis","Rodney","House","R","IL",13,TRUE,""
"Dirksen Londrigan","Betsy","House","D","IL",13,FALSE,""
"Underwood","Lauren","House","D","IL",14,TRUE,""
"Oberweis","Jim","House","R","IL",14,FALSE,""
"Miller","Mary","House","R","IL",15,TRUE,""
"Weaver","Erika","House","D","IL",15,FALSE,""
"Kinzinger","Adam","House","R","IL",16,TRUE,""
"Brzozowski","Dani","House","D","IL",16,FALSE,""
"Bustos","Cheri","House","D","IL",17,TRUE,""
"Joy King","Esther","House","R","IL",17,FALSE,""
"LaHood","Darin","House","R","IL",18,TRUE,""
"Petrilli","George","House","D","IL",18,FALSE,""
"Mrvan","Frank J.","House","D","IN",1,TRUE,""
"Leyva","Mark","House","R","IN",1,FALSE,""
"Walorski","Jackie","House","R","IN",2,TRUE,""
"Hackett","Pat","House","D","IN",2,FALSE,""
"Banks","Jim","House","R","IN",3,TRUE,""
"Coldiron","Chip","House","D","IN",3,FALSE,""
"Baird","Jim","House","R","IN",4,TRUE,""
"Mackey","Joe","House","D","IN",4,FALSE,""
"Spartz","Victoria","House","R","IN",5,TRUE,""
"Hale","Christina","House","D","IN",5,FALSE,""
"Pence","Greg","House","R","IN",6,TRUE,""
"Lee Lake","Jeannine","House","D","IN",6,FALSE,""
"Carson","Andre","House","D","IN",7,TRUE,""
"Smith","Susan Marie","House","R","IN",7,FALSE,""
"Bucshon","Larry","House","R","IN",8,TRUE,""
"Marsili","E. Thomasina","House","D","IN",8,FALSE,""
"Hollingsworth","Trey","House","R","IN",9,TRUE,""
"Ruff","Andy","House","D","IN",9,FALSE,""
"Hinson","Ashley","House","R","IA",1,TRUE,""
"Finkenauer","Abby","House","D","IA",1,FALSE,""
"Miller-Meeks","Mariannette","House","R","IA",2,TRUE,""
"Hart","Rita","House","D","IA",2,FALSE,""
"Axne","Cindy","House","D","IA",3,TRUE,""
"Young","David","House","R","IA",3,FALSE,""
"Feenstra","Randy","House","R","IA",4,TRUE,""
"Scholten","J. D.","House","D","IA",4,FALSE,""
"Mann","Tracey","House","R","KS",1,TRUE,""
"Barnett","Kali","House","D","KS",1,FALSE,""
"LaTurner","Jake","House","R","KS",2,TRUE,""
"De La Isla","Michelle","House","D","KS",2,FALSE,""
"Davids","Sharice","House","D","KS",3,TRUE,""
"Adkins","Amanda","House","R","KS",3,FALSE,""
"Estes","Ron","House","R","KS",4,TRUE,""
"Lombard","Laura","House","D","KS",4,FALSE,""
"Comer","James","House","R","KY",1,TRUE,""
"Rhodes","James","House","D","KY",1,FALSE,""
"Guthrie","Brett","House","R","KY",2,TRUE,""
"Linderman","Hank","House","D","KY",2,FALSE,""
"Yarmuth","John","House","D","KY",3,TRUE,""
"Palazzo","Rhonda","House","R","KY",3,FALSE,""
"Massie","Thomas","House","R","KY",4,TRUE,""
"Owensby","Alexandra","House","D","KY",4,FALSE,""
"Rogers","Hal","House","R","KY",5,TRUE,""
"Best","Matthew","House","D","KY",5,FALSE,""
"Barr","Andy","House","R","KY",6,TRUE,""
"Hicks","John","House","D","KY",6,FALSE,""
"Scalise","Steve","House","R","LA",1,TRUE,""
"Dugas","Lee Ann","House","D","LA",1,FALSE,""
"Richmond","Cedric","House","D","LA",2,TRUE,""
"Schilling","David","House","R","LA",2,FALSE,""
"Harris","Glenn","House","D","LA",2,FALSE,""
"Vincent","Sheldon","House","R","LA",2,FALSE,""
"Higgins","Clay","House","R","LA",3,TRUE,""
"Harris","Braylon","House","D","LA",3,FALSE,""
"Anderson","Rob","House","D","LA",3,FALSE,""
"Johnson","Mike","House","R","LA",4,TRUE,""
"Houston","Kenny","House","D","LA",4,FALSE,""
"Trundle","Ryan","House","D","LA",4,FALSE,""
"Gibson","Ben","House","R","LA",4,FALSE,""
"Letlow","Luke","House","R","LA",5,TRUE,""
"Harris","Lance","House","R","LA",5,FALSE,""
"Chistophe","Candy","House","D","LA",5,FALSE,""
"Lemelle","Martin","House","D","LA",5,FALSE,""
"Robinson","Randall Scott","House","R","LA",5,FALSE,""
"Guillory Sr.","Allen","House","R","LA",5,FALSE,""
"Hasty","Matthew","House","R","LA",5,FALSE,""
"Snowden","Phillip","House","D","LA",5,FALSE,""
"Lagarde","Jesse","House","D","LA",5,FALSE,""
"Graves","Garret","House","R","LA",6,TRUE,""
"Williams","Dartanyon","House","D","LA",6,FALSE,""
"Pingree","Chellie","House","D","ME",1,TRUE,""
"Allen","Jay","House","R","ME",1,FALSE,""
"Golden","Jared","House","D","ME",2,TRUE,""
"Crafts","Dale","House","R","ME",2,FALSE,""
"Harris","Andrew P.","House","R","MD",1,TRUE,""
"Mason","Mia","House","D","MD",1,FALSE,""
"Ruppersberger","Dutch","House","D","MD",2,TRUE,""
"Ray Salling","Johnny","House","R","MD",2,FALSE,""
"Sarbanes","John","House","D","MD",3,TRUE,""
"Anthony","Charles","House","R","MD",3,FALSE,""
"Brown","Anthony G.","House","D","MD",4,TRUE,""
"McDermott","George","House","R","MD",4,FALSE,""
"Hoyer","Steny","House","D","MD",5,TRUE,""
"Palombi","Chris","House","R","MD",5,FALSE,""
"Trone","David","House","D","MD",6,TRUE,""
"Parrott","Neil","House","R","MD",6,FALSE,""
"Mfume","Kweisi","House","D","MD",7,TRUE,""
"Klacik","Kimberly","House","R","MD",7,FALSE,""
"Raskin","Jamie","House","D","MD",8,TRUE,""
"Coll","Gregory","House","R","MD",8,FALSE,""
"Neal","Richard","House","D","MA",1,TRUE,""
"McGovern","Jim","House","D","MA",2,TRUE,""
"Lovvorn","Tracy","House","R","MA",2,FALSE,""
"Trahan","Lori","House","D","MA",3,TRUE,""
"Auchincloss","Jake","House","D","MA",4,TRUE,""
"Hall","Julie","House","R","MA",4,FALSE,""
"Clark","Katherine","House","D","MA",5,TRUE,""
"Colarusso","Caroline","House","R","MA",5,FALSE,""
"Moulton","Seth","House","D","MA",6,TRUE,""
"Moran","John Paul","House","R","MA",6,FALSE,""
"Pressley","Ayanna","House","D","MA",7,TRUE,""
"Lynch","Stephen F.","House","D","MA",8,TRUE,""
"Keating","Bill","House","D","MA",9,TRUE,""
"Brady","Helen","House","R","MA",9,FALSE,""
"Bergman","Jack","House","R","MI",1,TRUE,""
"Ferguson","Dana","House","D","MI",1,FALSE,""
"Huizenga","Bill","House","R","MI",2,TRUE,""
"Berghoef","Bryan","House","D","MI",2,FALSE,""
"Meijer","Peter","House","R","MI",3,TRUE,""
"Scholten","Hillary","House","D","MI",3,FALSE,""
"Moolenaar","John","House","R","MI",4,TRUE,""
"Hilliard","Jerry","House","D","MI",4,FALSE,""
"Kildee","Dan","House","D","MI",5,TRUE,""
"Kelly","Tim","House","R","MI",5,FALSE,""
"Upton","Fred","House","R","MI",6,TRUE,""
"Hoadley","Jon","House","D","MI",6,FALSE,""
"Walberg","Tim","House","R","MI",7,TRUE,""
"Driskell","Gretchen","House","D","MI",7,FALSE,""
"Slotkin","Elissa","House","D","MI",8,TRUE,""
"Junge","Paul","House","R","MI",8,FALSE,""
"Levin","Andy","House","D","MI",9,TRUE,""
"Langworthy","Charles","House","R","MI",9,FALSE,""
"McClain","Lisa","House","R","MI",10,TRUE,""
"Bizon","Kimberly","House","D","MI",10,FALSE,""
"Stevens","Haley","House","D","MI",11,TRUE,""
"Esshaki","Eric","House","R","MI",11,FALSE,""
"Dingell","Debbie","House","D","MI",12,TRUE,""
"Jones","Jeff","House","R","MI",12,FALSE,""
"Tlaib","Rashida","House","D","MI",13,TRUE,""
"Dudendoefer","David","House","R","MI",13,FALSE,""
"Lawrence","Brenda","House","D","MI",14,TRUE,""
"Patrick","Robert","House","R","MI",14,FALSE,""
"Hagedorn","Jim","House","R","MN",1,TRUE,""
"Feehan","Dan","House","D","MN",1,FALSE,""
"Craig","Angie","House","D","MN",2,TRUE,""
"Kistner","Tyler","House","R","MN",2,FALSE,""
"Phillips","Dean","House","D","MN",3,TRUE,""
"Qualls","Kendall","House","R","MN",3,FALSE,""
"McCollum","Betty","House","D","MN",4,TRUE,""
"Rechtzigel","Gene","House","R","MN",4,FALSE,""
"Omar","Illhan","House","D","MN",5,TRUE,""
"Johnson","Lacy","House","R","MN",5,FALSE,""
"Emmer","Tom","House","R","MN",6,TRUE,""
"Zahradka","Tawnja","House","D","MN",6,FALSE,""
"Fischbach","Michelle","House","R","MN",7,TRUE,""
"Peterson","Collin","House","D","MN",7,FALSE,""
"Stauber","Pete","House","R","MN",8,TRUE,""
"Nystrom","Quinn","House","D","MN",8,FALSE,""
"Kelly","Trent","House","R","MS",1,TRUE,""
"Eliason","Antonia","House","D","MS",1,FALSE,""
"Thompson","Bennie","House","D","MS",2,TRUE,""
"Flowers","Brian","House","R","MS",2,FALSE,""
"Guest","Michael","House","R","MS",3,TRUE,""
"Benford","Dot","House","D","MS",3,FALSE,""
"Palazzo","Steven","House","R","MS",4,TRUE,""
"Bush","Cori","House","D","MO",1,TRUE,""
"Rogers","Anthony","House","R","MO",1,FALSE,""
"Wagner","Ann","House","R","MO",2,TRUE,""
"Schupp","Jill","House","D","MO",2,FALSE,""
"Luetkemeyer","Blaine","House","R","MO",3,TRUE,""
"Rezabek","Megan","House","D","MO",3,FALSE,""
"Hartzler","Vicky","House","R","MO",4,TRUE,""
"Simmons","Lindsey","House","D","MO",4,FALSE,""
"Cleaver","Emanual","House","D","MO",5,TRUE,""
"Derks","Ryan","House","R","MO",5,FALSE,""
"Graves","Sam","House","R","MO",6,TRUE,""
"Ross","Gena L.","House","D","MO",6,FALSE,""
"Long","Billy","House","R","MO",7,TRUE,""
"Montseny","Teresa","House","D","MO",7,FALSE,""
"Smith","Jason","House","R","MO",8,TRUE,""
"Ellis","Kathy","House","D","MO",8,FALSE,""
"Rosendale","Matt","House","R","MT",1,TRUE,""
"Williams","Kathleen","House","D","MT",1,FALSE,""
"Sinema ","Kyrsten","Senate","D","Arizona",NA,NA,""
"Feinstein ","Dianne","Senate","D","California",NA,NA,""
"Murphy ","Chris","Senate","D","Connecticut",NA,NA,""
"Carper ","Tom","Senate","D","Delaware",NA,NA,""
"Scott ","Rick","Senate","R","Florida",NA,NA,""
"Hirono ","Mazie","Senate","D","Hawaii",NA,NA,""
"Braun ","Mike","Senate","R","Indiana",NA,NA,""
"King ","Angus","Senate","I","Maine",NA,NA,""
"Cardin ","Ben","Senate","D","Maryland",NA,NA,""
"Warren ","Elizabeth","Senate","D","Massachusetts",NA,NA,""
"Stabenow ","Debbie","Senate","D","Michigan",NA,NA,""
"Klobuchar ","Amy","Senate","D","Minnesota",NA,NA,""
"Wicker ","Roger","Senate","R","Mississippi",NA,NA,""
"Hawley ","Josh","Senate","R","Missouri",NA,NA,""
"Tester ","Jon","Senate","D","Montana",NA,NA,""
"Fischer ","Deb","Senate","R","Nebraska",NA,NA,""
"Rosen ","Jacky","Senate","D","Nevada",NA,NA,""
"Menendez ","Bob","Senate","D","New Jersey",NA,NA,""
"Heinrich ","Martin","Senate","D","New Mexico",NA,NA,""
"Gillibrand ","Kirsten","Senate","D","New York",NA,NA,""
"Cramer ","Kevin","Senate","R","North Dakota",NA,NA,""
"Brown ","Sherrod","Senate","D","Ohio",NA,NA,""
"Casey Jr.","Bob","Senate","D","Pennsylvania",NA,NA,""
"Whitehouse ","Sheldon","Senate","D","Rhode Island",NA,NA,""
"Blackburn ","Marsha","Senate","R","Tennessee",NA,NA,""
"Cruz ","Ted","Senate","R","Texas",NA,NA,""
"Romney ","Mitt","Senate","R","Utah",NA,NA,""
"Sanders ","Bernie","Senate","I","Vermont",NA,NA,""
"Kaine ","Tim","Senate","D","Virginia",NA,NA,""
"Cantwell ","Maria","Senate","D","Washington",NA,NA,""
"Manchin ","Joe","Senate","D","West Virginia",NA,NA,""
"Baldwin ","Tammy","Senate","D","Wisconsin",NA,NA,""
"Barrasso ","John","Senate","R","Wyoming",NA,NA,""
"Shelby ","Richard","Senate","R","Alabama",NA,NA,""
"Murkowski ","Lisa","Senate","R","Alaska",NA,NA,""
"McSally ","Martha","Senate","R","Arizona",NA,NA,""
"Boozman ","John","Senate","R","Arkansas",NA,NA,""
"Harris ","Kamala","Senate","D","California",NA,NA,""
"Bennet ","Michael","Senate","D","Colorado",NA,NA,""
"Blumenthal ","Richard","Senate","D","Connecticut",NA,NA,""
"Rubio ","Marco","Senate","R","Florida",NA,NA,""
"Loeffler ","Kelly","Senate","R","Georgia",NA,NA,""
"Schatz ","Brian","Senate","D","Hawaii",NA,NA,""
"Crapo ","Mike","Senate","R","Idaho",NA,NA,""
"Duckworth ","Tammy","Senate","D","Illinois",NA,NA,""
"Young ","Todd","Senate","R","Indiana",NA,NA,""
"Grassley ","Chuck","Senate","R","Iowa",NA,NA,""
"Moran ","Jerry","Senate","R","Kansas",NA,NA,""
"Paul ","Rand","Senate","R","Kentucky",NA,NA,""
"Kennedy ","John","Senate","R","Louisiana",NA,NA,""
"Van Hollen","Chris","Senate","D","Maryland",NA,NA,""
"Blunt ","Roy","Senate","R","Missouri",NA,NA,""
"Cortez Masto","Catherine","Senate","D","Nevada",NA,NA,""
"Hassan ","Maggie","Senate","D","New Hampshire",NA,NA,""
"Schumer ","Chuck","Senate","D","New York",NA,NA,""
"Burr ","Richard","Senate","R","North Carolina",NA,NA,""
"Hoeven ","John","Senate","R","North Dakota",NA,NA,""
"Portman ","Rob","Senate","R","Ohio",NA,NA,""
"Lankford ","James","Senate","R","Oklahoma",NA,NA,""
"Wyden ","Ron","Senate","D","Oregon",NA,NA,""
"Toomey ","Pat","Senate","R","Pennsylvania",NA,NA,""
"Scott ","Tim","Senate","R","South Carolina",NA,NA,""
"Thune ","John","Senate","R","South Dakota",NA,NA,""
"Lee ","Mike","Senate","R","Utah",NA,NA,""
"Leahy ","Patrick","Senate","D","Vermont",NA,NA,""
"Murray ","Patty","Senate","D","Washington",NA,NA,""
"Johnson ","Ron","Senate","R","Wisconsin",NA,NA,""
"Carl","Jerry","House","R","AL",1,TRUE,""
"Averhart","James","House","D","AL",1,FALSE,""
"Moore","Barry","House","R","AL",2,TRUE,""
"Harvey-Hall","Phyllis","House","D","AL",2,FALSE,""
"Rogers","Mike","House","R","AL",3,TRUE,""
"Winfrey","Adia","House","D","AL",3,FALSE,""
"Aderholt","Robert","House","R","AL",4,TRUE,""
"Neighbors","Rick","House","D","AL",4,FALSE,""
"Brooks","Mo","House","R","AL",5,TRUE,""
"Palmer","Gary","House","R","AL",6,TRUE,""
"Sewell","Terri","House","D","AL",7,TRUE,""
"Young ","Don","House","R","AK",1,TRUE,""
"Galvin","Alyse","House","D","AK",1,TRUE,""
"O'Halleran ","Tom","House","D","AZ",1,TRUE,""
"Shedd","Tiffany","House","R","AZ",1,FALSE,""
"Kirkpatrick ","Ann","House","D","AZ",2,TRUE,""
"Martin","Brandon","House","R","AZ",2,FALSE,""
"Grijalva ","Raúl","House","D","AZ",3,TRUE,""
"Wood","Daniel","House","R","AZ",3,FALSE,""
"Gosar ","Paul","House","R","AZ",4,TRUE,""
"DiSanto","Delina","House","D","AZ",4,FALSE,""
"Biggs ","Andy","House","R","AZ",5,TRUE,""
"Greene","Joan","House","D","AZ",5,FALSE,""
"Schweikert ","David","House","R","AZ",6,TRUE,""
"Tipirneni ","Hiral","House","D","AZ",6,FALSE,""
"Gallego ","Ruben","House","D","AZ",7,TRUE,""
"Barnett","Joshua","House","R","AZ",7,FALSE,""
"Lesko ","Debbie","House","R","AZ",8,TRUE,""
"Muscato","Michael","House","D","AZ",8,FALSE,""
"Stanton ","Greg","House","D","AZ",9,TRUE,""
"Giles","Dave","House","R","AZ",9,FALSE,""
"Crawford ","Rick","House","R","AR",1,TRUE,""
"Hill ","French","House","R","AR",2,TRUE,""
"Elliott ","Joyce","House","D","AR",2,FALSE,""
"Womack ","Steve","House","R","AR",3,TRUE,""
"Williams","Celeste","House","D","AR",3,FALSE,""
"Kalagias","Michael","House","L","AR",3,FALSE,""
"Westerman ","Bruce","House","R","AR",4,TRUE,""
"Hanson","William ","House","D","AR",4,FALSE,""
"Gilbert","Frank","House","L","AR",4,FALSE,""
"LaMalfa ","Doug","House","R","CA",1,TRUE,""
"Denney","Audrey","House","D","CA",1,FALSE,""
"Huffman ","Jared","House","D","CA",2,TRUE,""
"Mensing","Dale","House","R","CA",2,FALSE,""
"Garamendi ","John","House","D","CA",3,TRUE,""
"Hamilton","Tamika","House","R","CA",3,FALSE,""
"McClintock ","Tom","House","R","CA",4,TRUE,""
"Kennedy","Brynne","House","D","CA",4,FALSE,""
"Thompson ","Mike","House","D","CA",5,TRUE,""
"Giblin","Scott","House","R","CA",5,FALSE,""
"Matsui ","Doris","House","D","CA",6,TRUE,""
"Bish","Chris","House","R","CA",6,FALSE,""
"Bera ","Ami","House","D","CA",7,TRUE,""
"Patterson","Buzz","House","R","CA",7,FALSE,""
"Obernolte ","Jay","House","R","CA",8,TRUE,""
"Bubser","Christine","House","D","CA",8,FALSE,""
"McNerney ","Jerry","House","D","CA",9,TRUE,""
"Amador","Tony","House","R","CA",9,FALSE,""
"Harder ","Josh","House","D","CA",10,TRUE,""
"Howze","Ted","House","R","CA",10,FALSE,""
"DeSaulnier ","Mark","House","D","CA",11,TRUE,""
"Sharma","Nisha","House","R","CA",11,FALSE,""
"Pelosi ","Nancy","House","D","CA",12,TRUE,""
"Buttar","Shahid","House","D","CA",12,FALSE,""
"Lee ","Barbara","House","D","CA",13,TRUE,""
"Piterman","Nikka","House","R","CA",13,FALSE,""
"Speier ","Jackie","House","D","CA",14,TRUE,""
"Petel","Ran","House","R","CA",14,FALSE,""
"Swalwell ","Eric","House","D","CA",15,TRUE,""
"Hayden","Alison","House","R","CA",15,FALSE,""
"Costa ","Jim","House","D","CA",16,TRUE,""
"Cookingham","Kevin","House","R","CA",16,FALSE,""
"Khanna "," Ro","House","D","CA",17,TRUE,""
"Tandon","Ritesh","House","R","CA",17,FALSE,""
"Eshoo ","Anna","House","D","CA",18,TRUE,""
"Kumar","Rishi","House","D","CA",18,FALSE,""
"Lofgren "," Zoe","House","D","CA",19,TRUE,""
"Aguilera","Justin","House","R","CA",19,FALSE,""
"Panetta ","Jimmy","House","D","CA",20,TRUE,""
"Gorman","Jeff","House","R","CA",20,FALSE,""
"Valadao ","David","House","R","CA",21,TRUE,""
"Cox ","TJ","House","D","CA",21,FALSE,""
"Nunes ","Devin","House","R","CA",22,TRUE,""
"Arballo","Phil","House","D","CA",22,FALSE,""
"McCarthy ","Kevin","House","R","CA",23,TRUE,""
"Mangone","Kim","House","D","CA",23,FALSE,""
"Carbajal ","Salud","House","D","CA",24,TRUE,""
"Caldwell","Andy","House","R","CA",24,FALSE,""
"Garcia ","Mike","House","R","CA",25,TRUE,""
"Smith ","Christy","House","D","CA",25,FALSE,""
"Brownley ","Julia","House","D","CA",26,TRUE,""
"Kennedy","Ronda","House","R","CA",26,FALSE,""
"Chu ","Judy","House","D","CA",27,TRUE,""
"Nalbandian","Johnny","House","R","CA",27,FALSE,""
"Schiff ","Adam","House","D","CA",28,TRUE,""
"Early","Eric","House","R","CA",28,FALSE,""
"Cárdenas ","Tony","House","D","CA",29,TRUE,""
"Dueñas","Angélica","House","D","CA",29,FALSE,""
"Sherman ","Brad","House","D","CA",30,TRUE,""
"Reed","Mark","House","R","CA",30,FALSE,""
"Aguilar "," Pete","House","D","CA",31,TRUE,""
"Gibboney","Agnes","House","R","CA",31,FALSE,""
"F. Grace","Napolitano","House","D","CA",32,TRUE,""
"Scott","Joshua","House","R","CA",32,FALSE,""
"W.","Ted","House","D","CA",33,TRUE,""
"Bradley","James","House","R","CA",33,FALSE,""
"Gomez ","Jimmy","House","D","CA",34,TRUE,""
"Kim","David","House","D","CA",34,FALSE,""
"J. Norma","Norma","House","D","CA",35,TRUE,""
"Cargile","Mike","House","R","CA",35,FALSE,""
"Ruiz "," Raul","House","D","CA",36,TRUE,""
"Cruz","Erin","House","R","CA",36,FALSE,""
"Bass ","Karen","House","D","CA",37,TRUE,""
"Webber","Errol","House","R","CA",37,FALSE,""
"T. Linda","Linda","House","D","CA",38,TRUE,""
"Tolar","Michael","House","D","CA",38,FALSE,""
"Kim ","Young","House","R","CA",38,TRUE,""
"Cisneros ","Gil","House","D","CA",38,FALSE,""
"Roybal-Allard ","Lucille","House","D","CA",40,TRUE,""
"Delgado","Antonio","House","R","CA",40,FALSE,""
"Takano ","Mark","House","D","CA",41,TRUE,""
"Smith","Aja","House","R","CA",41,FALSE,""
"Calvert ","Ken","House","R","CA",42,TRUE,""
"O'Mara","Liam","House","D","CA",42,FALSE,""
"Waters ","Maxine","House","D","CA",43,TRUE,""
"Collins","Joe","House","R","CA",43,FALSE,""
"Barragán ","Nanette","House","D","CA",44,TRUE,""
"Joya","Analilia","House","D","CA",44,FALSE,""
"Porter ","Katie","House","D","CA",45,TRUE,""
"Raths","Greg","House","R","CA",45,FALSE,""
"Correa ","Lou","House","D","CA",46,TRUE,""
"Waters","James","House","R","CA",46,FALSE,""
"Lowenthal ","Alan","House","D","CA",47,TRUE,""
"Briscoe","John","House","R","CA",47,FALSE,""
"Steel ","Michelle","House","R","CA",48,TRUE,""
"Rouda ","Harley","House","D","CA",48,FALSE,""
"Levin ","Mike","House","D","CA",49,TRUE,""
"Maryott","Brian","House","R","CA",49,FALSE,""
"Vargas ","Juan","House","D","CA",51,TRUE,""
"Hidalgo","Juan","House","R","CA",51,FALSE,""
"Peters ","Scott","House","D","CA",52,TRUE,""
"DeBello","Jim","House","R","CA",52,FALSE,""
"Jacobs ","Sara","House","D","CA",53,TRUE,""
"Gómez ","Georgette","House","D","CA",53,FALSE,""
"DeGette ","Diana","House","D","CO",1,TRUE,""
"Bolling","Shane","House","R","CO",1,FALSE,""
"Kok","Jan","House","AV","CO",1,FALSE,""
"N. Fiorino","Paul","House","U","CO",1,FALSE,""
"Furey","Kyle","House","L","CO",1,FALSE,""
"Neguse ","Joe","House","D","CO",2,TRUE,""
"Winn","Charlie","House","R","CO",2,FALSE,""
"Atkinson","Thom","House","L","CO",2,FALSE,""
"Swing","Gary","House","U","CO",2,FALSE,""
"Boebert ","Lauren","House","R","CO",3,TRUE,""
"Mitsch Bush","Diane","House","D","CO",3,FALSE,""
"Keil","John Ryan","House","L","CO",3,FALSE,""
"Milton","Critter","House","U","CO",3,FALSE,""
"Buck ","kKen","House","R","CO",4,TRUE,""
"McCorkle","Ike","House","D","CO",4,FALSE,""
"Griffith","Bruce","House","L","CO",4,FALSE,""
"Ireland","Laura","House","U","CO",4,FALSE,""
"Lamborn ","Doug","House","R","CO",5,TRUE,""
"Freeland","Jillian","House","D","CO",5,FALSE,""
"Duffett","Ed","House","L","CO",5,FALSE,""
"Murphy","Marcus","House","I","CO",5,FALSE,""
"Keltie","Rebecca","House","U","CO",5,FALSE,""
"Crow ","Jason","House","D","CO",6,TRUE,""
"House","Steve","House","R","CO",6,FALSE,""
"Olsen","Norm","House","L","CO",6,FALSE,""
"Kulikowski","Jaimie","House","U","CO",6,FALSE,""
"Perlmutter ","Ed","House","D","CO",7,TRUE,""
"Stockham","Casper","House","R","CO",7,FALSE,""
"Biles","Ken","House","L","CO",7,FALSE,""
"Olszta","David","House","U","CO",7,FALSE,""
"Larson"," John B.","House","D","CT",1,TRUE,""
"Fay","Mary","House","R","CT",1,FALSE,""
"McCormick","Thomas","House","G","CT",1,FALSE,""
"Courtney "," Joe","House","D","CT",2,TRUE,""
"Anderson","Justin","House","R","CT",2,FALSE,""
"Martineau","Cassandra","House","G","CT",2,FALSE,""
"Reale","Daniel","House","L","CT",2,FALSE,""
"DeLauro "," Rosa","House","D","CT",3,TRUE,""
"Streicker","Margaret","House","R","CT",3,FALSE,""
"Paglino","Justin","House","G","CT",3,FALSE,""
"Himes"," Jim","House","D","CT",4,TRUE,""
"Riddle","Jonathan","House","R","CT",4,FALSE,""
"Merlen","Brian","House","I","CT",4,FALSE,""
"Hayes"," Jahana","House","D","CT",5,TRUE,""
"Sullivan","David","House","R","CT",5,FALSE,""
"Walczak","Bruce","House","I","CT",5,FALSE,""
"Butterfield","GK","House","D","NC",1,TRUE,""
"Smith","Sandy","House","R","NC",1,FALSE,""
"Ross","Deborah","House","D","NC",2,TRUE,""
"Swain","Alan","House","R","NC",2,FALSE,""
"Price","David","House","D","NC",4,TRUE,""
"Thomas","Robert","House","R","NC",4,FALSE,""
"Murphy","Greg","House","R","NC",3,TRUE,""
"Farrow","Daryl","House","D","NC",3,FALSE,""
"Foxx","Virginia","House","R","NC",5,TRUE,""
"Brown","David","House","D","NC",5,FALSE,""
"Manning","Kathy","House","D","NC",6,TRUE,""
"Haywood","Lee","House","R","NC",6,FALSE,""
"Rouzer","David","House","R","NC",7,TRUE,""
"Ward","Chris","House","D","NC",7,FALSE,""
"Hudson","Richard","House","R","NC",8,TRUE,""
"Timmons-Goodson","Patricia","House","D","NC",8,FALSE,""
"Bishop","Dan","House","R","NC",9,TRUE,""
"Wallace","Cynthia","House","D","NC",9,FALSE,""
"McHenry","Patrick","House","R","NC",10,TRUE,""
"Parker","David","House","D","NC",10,FALSE,""
"Cawthorn","Madison","House","R","NC",11,TRUE,""
"Davis","Moe","House","D","NC",11,FALSE,""
"Budd","Ted","House","R","NC",13,TRUE,""
"Huffman","Scott","House","D","NC",13,FALSE,""
"Adams","Alma","House","D","NC",12,TRUE,""
"Armstrong","Kelly","House","R","ND",1,TRUE,""
"Raknerud","Zach","House","D","ND",1,FALSE,""
"Chabot","Steve","House","R","OH",1,TRUE,""
"Schroder","Kate","House","D","OH",1,FALSE,""
"Wenstrup","Brad","House","R","OH",2,TRUE,""
"Castle","Jaime","House","D","OH",2,FALSE,""
"Beatty","Joyce","House","D","OH",3,TRUE,""
"Richardson","Mark","House","R","OH",3,FALSE,""
"Jordan","Jim","House","R","OH",4,TRUE,""
"Freshour","Shannon","House","D","OH",4,FALSE,""
"Latta","Bob","House","R","OH",5,TRUE,""
"Rubando","Nick","House","D","OH",5,FALSE,""
"Johnson","Bill","House","R","OH",6,TRUE,""
"Roberts","Shawna","House","D","OH",6,FALSE,""
"Gibbs","Bob","House","R","OH",7,TRUE,""
"Potter","Quentin","House","D","OH",7,FALSE,""
"Davidson","Warren","House","R","OH",8,TRUE,""
"Enoch","Vanessa","House","D","OH",8,FALSE,""
"Kaptur","Marcy","House","D","OH",9,TRUE,""
"Weber","Rob","House","R","OH",9,FALSE,""
"Turner","Mike","House","R","OH",10,TRUE,""
"Tims","Desiree","House","D","OH",10,FALSE,""
"Fudge","Marcia","House","D","OH",11,TRUE,""
"Gore","Lauren","House","R","OH",11,FALSE,""
"Balderson","Troy","House","R","OH",12,TRUE,""
"Shearer","Alaina","House","D","OH",12,FALSE,""
"Ryan","Tim","House","D","OH",13,TRUE,""
"Hagan","Christina","House","R","OH",13,FALSE,""
"Joyce","David","House","R","OH",14,TRUE,""
"O'Connor Mueri","Hillary","House","D","OH",14,FALSE,""
"Stivers","Steve","House","R","OH",15,TRUE,""
"Newby","Joel","House","D","OH",15,FALSE,""
"Gonzalez","Anthony","House","R","OH",16,TRUE,""
"Paul Godfrey","Aaron","House","D","OH",16,FALSE,""
"Fortenberry","Jeff","House","R","NE",1,TRUE,""
"Bolz","Kate","House","D","NE",1,FALSE,""
"Bacon","Don","House","R","NE",2,TRUE,""
"Eastman","Kara","House","D","NE",2,FALSE,""
"Smith","Adrian","House","R","NE",3,TRUE,""
"Elworth Jr","Mark","House","D","NE",3,FALSE,""
"Titus","Dina","House","D","NV",1,TRUE,""
"Bentley","Joyce","House","R","NV",1,FALSE,""
"Amodei","Mark","House","R","NV",2,TRUE,""
"Ackerman","Patricia","House","D","NV",2,FALSE,""
"Lee","Susie","House","D","NV",3,TRUE,""
"Rodimer","Daniel","House","R","NV",3,FALSE,""
"Horsford","Steven","House","D","NV",4,TRUE,""
"Marchant","Jim","House","R","NV",4,FALSE,""
"Pappas","Chris","House","D","NH",1,TRUE,""
"Mowers","Matt","House","R","NH",1,FALSE,""
"McLane Kuster","Ann","House","D","NH",2,TRUE,""
"Negron","Steve","House","R","NH",2,FALSE,""
"Norcross","Donald","House","D","NJ",1,TRUE,""
"Gustafson","Claire","House","R","NJ",1,FALSE,""
"Van Drew","Jeff","House","R","NJ",2,TRUE,""
"Kennedy","Amy","House","D","NJ",2,FALSE,""
"Kim","Andy","House","D","NJ",3,TRUE,""
"Richter","David","House","R","NJ",3,FALSE,""
"Smith","Chris","House","R","NJ",4,TRUE,""
"Schmid","Stephanie","House","D","NJ",4,FALSE,""
"Gottheimer","Josh","House","D","NJ",5,TRUE,""
"Pallota","Frank","House","R","NJ",5,FALSE,""
"Pallone","Frank","House","D","NJ",6,TRUE,""
"Onuoha","Christian","House","R","NJ",6,FALSE,""
"Malinowski","Tom","House","D","NJ",7,TRUE,""
"Kean Jr","Thomas","House","R","NJ",7,FALSE,""
"Sires","Albio","House","D","NJ",8,TRUE,""
"Mushnick","Jason","House","R","NJ",8,FALSE,""
"Pascrell","Bill","House","D","NJ",9,TRUE,""
"Prempeh","Billy","House","R","NJ",9,FALSE,""
"Payne Jr","Donad","House","D","NJ",10,TRUE,""
"Zinone","Jennifer","House","R","NJ",10,FALSE,""
"Sherrill","Mikie","House","D","NJ",11,TRUE,""
"Becchi","Rosemary","House","R","NJ",11,FALSE,""
"Watson Coleman","Bonnie","House","D","NJ",12,TRUE,""
"Razzoli","Mark","House","R","NJ",12,FALSE,""
"Haaland","Deb","House","D","NM",1,TRUE,""
"Garcia Holmes","Michelle","House","R","NM",1,FALSE,""
"Herrell","Yvette","House","R","NM",2,TRUE,""
"Torres Small","Xochitl","House","D","NM",2,FALSE,""
"Leger Fernandez","Teresa","House","D","NM",3,TRUE,""
"Johnson","Alexis","House","R","NM",3,FALSE,""
"Zeldin","Lee","House","R","NY",1,TRUE,""
"Goroff","Nancy","House","D","NY",1,FALSE,""
"Garbarino","Andrew","House","R","NY",2,TRUE,""
"Gordon","Jackie","House","D","NY",2,FALSE,""
"Suozzi","Thomas","House","D","NY",3,TRUE,""
"Santos","George","House","R","NY",3,FALSE,""
"Rice","Kathleen","House","D","NY",4,TRUE,""
"Tuman","Douglas","House","R","NY",4,FALSE,""
"Meeks","Gregory","House","D","NY",5,TRUE,""
"Meng","Grace","House","D","NY",6,TRUE,""
"Zmich","Tom","House","R","NY",6,FALSE,""
"Velázquez","Nydia","House","D","NY",7,TRUE,""
"Kelly","Brian","House","R","NY",7,FALSE,""
"Jeffries","Hakeem","House","D","NY",8,TRUE,""
"Wallace","Garfield","House","R","NY",8,FALSE,""
"Clarke","Yvette","House","D","NY",9,TRUE,""
"Jean-Pierre","Constantin","House","R","NY",9,FALSE,""
"Nadler","Jerry","House","D","NY",10,TRUE,""
"Bernstein","Cathy","House","R","NY",10,FALSE,""
"Malliotakis","Nicole","House","R","NY",11,TRUE,""
"Rose","Max","House","D","NY",11,FALSE,""
"Maloney","Carolyn","House","D","NY",12,TRUE,""
"Santiago-Cano","Carlos","House","R","NY",12,FALSE,""
"Espaillat","Adriano","House","D","NY",13,TRUE,""
"Gwinn","Lovelynn","House","R","NY",13,FALSE,""
"Ocasio-Cortez","Alexandria","House","D","NY",14,TRUE,""
"Cummings","John","House","R","NY",14,FALSE,""
"Torres","Ritchie","House","D","NY",15,TRUE,""
"Delices","Patrick","House","R","NY",15,FALSE,""
"Bowman","Jamaal","House","D","NY",16,TRUE,""
"McManus","Patrick","House","R","NY",16,FALSE,""
"Jones","Mondaire","House","D","NY",17,TRUE,""
"McArdle Schulman","Maureen","House","R","NY",17,FALSE,""
"Maloney","Sean Patrick","House","D","NY",18,TRUE,""
"Farley","Chele","House","R","NY",18,FALSE,""
"Delgado","Antonio","House","D","NY",19,TRUE,""
"Van De Water","Kyle","House","R","NY",19,FALSE,""
"Tonko","Paul","House","D","NY",20,TRUE,""
"Joy","Liz","House","R","NY",20,FALSE,""
"Stefanik","Elise","House","R","NY",21,TRUE,""
"Cobb","Tedra","House","D","NY",21,FALSE,""
"Tenney","Claudia","House","R","NY",22,TRUE,""
"Brindisi","Anthony","House","D","NY",22,FALSE,""
"Reed","Tom","House","R","NY",23,TRUE,""
"Mitrano","Tracy","House","D","NY",23,FALSE,""
"Katko","John","House","R","NY",24,TRUE,""
"Balter","Dana","House","D","NY",24,FALSE,""
"Morelle","Joseph","House","D","NY",25,TRUE,""
"Mitris","George","House","R","NY",25,FALSE,""
"Higgins","Brian","House","D","NY",26,TRUE,""
"Donovan","Ricky","House","R","NY",26,FALSE,""
"Jacobs","Chris","House","R","NY",27,TRUE,""
"McMurray","Nate","House","D","NY",27,FALSE,""
"Hern","Kevin","House","R","OK",1,TRUE,""
"Asamoa-Caesar","Kojo","House","D","OK",1,FALSE,""
"Mullin","Markwayne","House","R","OK",2,TRUE,""
"Lanier","Danyell","House","D","OK",2,FALSE,""
"Lucas","Frank","House","R","OK",3,TRUE,""
"Midyett","Zoe","House","D","OK",3,FALSE,""
"Cole","Tom","House","R","OK",4,TRUE,""
"Brannon","Mary","House","D","OK",4,FALSE,""
"Bice","Stephanie","House","R","OK",5,TRUE,""
"Horn","Kendra","House","D","OK",5,FALSE,""
"Bonamici","Suzanne","House","D","OR",1,TRUE,""
"Christensen","Christopher","House","R","OR",1,FALSE,""
"Bentz","Cliff","House","R","OR",2,TRUE,""
"Spenser","Alex","House","D","OR",2,FALSE,""
"Blumenauer","Earl","House","D","OR",3,TRUE,""
"Harbour","Joanna","House","R","OR",3,FALSE,""
"DeFazio","Peter","House","D","OR",4,TRUE,""
"Skarlatos","Alex","House","R","OR",4,FALSE,""
"Schrader","Kurt","House","D","OR",5,TRUE,""
"Ryan Courser","Amy","House","R","OR",5,FALSE,""
"Fitzpatrick","Brian","House","R","PA",1,TRUE,""
"Finello","Christina","House","D","PA",1,FALSE,""
"Boyle","Brendan","House","D","PA",2,TRUE,""
"Torres","David","House","R","PA",2,FALSE,""
"Evans","Dwight","House","D","PA",3,TRUE,""
"Harvey","Michael","House","R","PA",3,FALSE,""
"Dean","Madeleine","House","D","PA",4,TRUE,""
"Barnette","Kathy","House","R","PA",4,FALSE,""
"Gay Scanlon","Mary","House","D","PA",5,TRUE,""
"Pruett","Dasha","House","R","PA",5,FALSE,""
"Houlahan","Chrissy","House","D","PA",6,TRUE,""
"Emmons","John","House","R","PA",6,FALSE,""
"Wild","Susan","House","D","PA",7,TRUE,""
"Scheller","Lisa","House","R","PA",7,FALSE,""
"Cartwright","Matt","House","D","PA",8,TRUE,""
"Bognet","Jim","House","R","PA",8,FALSE,""
"Mueser","Dan","House","R","PA",9,TRUE,""
"Wegman","Gary","House","D","PA",9,FALSE,""
"Perry","Scott","House","R","PA",10,TRUE,""
"DePasquale","Eugene","House","D","PA",10,FALSE,""
"Smucker","Lloyd","House","R","PA",11,TRUE,""
"Hammond","Sarah","House","D","PA",11,FALSE,""
"Keller","Fred","House","R","PA",12,TRUE,""
"Griffin","Lee","House","D","PA",12,FALSE,""
"Joyce","John","House","R","PA",13,TRUE,""
"Rowley","Todd","House","D","PA",13,FALSE,""
"Reschenthaler","Guy","House","R","PA",14,TRUE,""
"Marx","Bill","House","D","PA",14,FALSE,""
"Thompson","Glenn","House","R","PA",15,TRUE,""
"Wiliams","Robert","House","D","PA",15,FALSE,""
"Kelly","Mike","House","R","PA",16,TRUE,""
"Gnibus","Kristy","House","D","PA",16,FALSE,""
"Lamb","Conor","House","D","PA",17,TRUE,""
"Parnell","Sean","House","R","PA",17,FALSE,""
"Doyle","Mike","House","D","PA",18,TRUE,""
"Negron","Luke","House","R","PA",18,FALSE,""
"Cicilline","David","House","D","RI",1,TRUE,""
"Langevin","James","House","D","RI",2,TRUE,""
"Lancia","Robert","House","R","RI",2,FALSE,""
"Mace","Nancy","House","R","SC",1,TRUE,""
"Cunningham","Joe","House","D","SC",1,FALSE,""
"Wilson","Joe","House","R","SC",2,TRUE,""
"Boroughs","Adair","House","D","SC",2,FALSE,""
"Duncan","Jeff","House","R","SC",3,TRUE,""
"Cleveland","Hosea","House","D","SC",3,FALSE,""
"Timmons","William","House","R","SC",4,TRUE,""
"Nelson","Kim","House","D","SC",4,FALSE,""
"Norman","Ralph","House","R","SC",5,TRUE,""
"Brown","Moe","House","D","SC",5,FALSE,""
"Clyburn","Jim","House","D","SC",6,TRUE,""
"McCollum","John","House","R","SC",6,FALSE,""
"Rice","Tom","House","R","SC",7,TRUE,""
"Ward Watson","Melissa","House","D","SC",7,FALSE,""
"Johnson","Dusty","House","R","SD",1,TRUE,""
"Harshbarger","Diana","House","R","TN",1,TRUE,""
"Walsingham","Blair","House","D","TN",1,FALSE,""
"Burchett","Tim","House","R","TN",2,TRUE,""
"Hoyos","Renee","House","D","TN",2,FALSE,""
"Fleischmann","Chuck","House","R","TN",3,TRUE,""
"Gorman","Meg","House","D","TN",3,FALSE,""
"DesJarlais","Scott","House","R","TN",4,TRUE,""
"Hale","Christopher","House","D","TN",4,FALSE,""
"Cooper","Jim","House","D","TN",5,TRUE,""
"Rose","John","House","R","TN",6,TRUE,""
"Finley","Christopher","House","D","TN",6,FALSE,""
"Green","Mark","House","R","TN",7,TRUE,""
"Sreepada","Kiran","House","D","TN",7,FALSE,""
"Kustoff","David","House","R","TN",8,TRUE,""
"Pearson","Erika","House","D","TN",8,FALSE,""
"Cohen","Steve","House","D","TN",9,TRUE,""
"Bergmann","Charlotte","House","R","TN",9,FALSE,""
"Gohmert","Louie","House","R","TX",1,TRUE,""
"Gilbert","Hank","House","D","TX",1,FALSE,""
"Crenshaw","Dan","House","R","TX",2,TRUE,""
"Ladjevardian","Sima","House","D","TX",2,FALSE,""
"Taylor","Van","House","R","TX",3,TRUE,""
"Seikaly","Lulu","House","D","TX",3,FALSE,""
"Fallon","Pat","House","R","TX",4,TRUE,""
"Foster","Russell","House","D","TX",4,FALSE,""
"Gooden","Lance","House","R","TX",5,TRUE,""
"Salter","Carolyn","House","D","TX",5,FALSE,""
"Wright","Ron","House","R","TX",6,TRUE,""
"Daniel","Stephen","House","D","TX",6,FALSE,""
"Fletcher","Lizzie","House","D","TX",7,TRUE,""
"Hunt","Wesley","House","R","TX",7,FALSE,""
"Brady","Kevin","House","R","TX",8,TRUE,""
"Elizabeth","Hernandez","House","D","TX",8,FALSE,""
"Green","Al","House","D","TX",9,TRUE,""
"Teague","Johnny","House","R","TX",9,FALSE,""
"McCaul","Michael","House","R","TX",10,TRUE,""
"Siegel","Mike","House","D","TX",10,FALSE,""
"Pfluger","August","House","R","TX",11,TRUE,""
"Hogg","John Mark","House","D","TX",11,FALSE,""
"Granger","Kay","House","R","TX",12,TRUE,""
"Welch","Lisa","House","D","TX",12,FALSE,""
"Jackson","Ronny","House","R","TX",13,TRUE,""
"Trujillo","Gus","House","D","TX",13,FALSE,""
"Weber","Randy","House","R","TX",14,TRUE,""
"Bell","Adrienne","House","D","TX",14,FALSE,""
"Gonzalez","Vincente","House","D","TX",15,TRUE,""
"de la Cruz-Hernandez","Monica","House","R","TX",15,FALSE,""
"Escobar","Veronica","House","D","TX",16,TRUE,""
"Armendariz-Jackson","Irene","House","R","TX",16,FALSE,""
"Sessions","Pete","House","R","TX",17,TRUE,""
"Kennedy","Rick","House","D","TX",17,FALSE,""
"Jackson Lee","Shirley","House","D","TX",18,TRUE,""
"Champion","Wendell","House","R","TX",18,FALSE,""
"Arrington","Jodey","House","R","TX",19,TRUE,""
"Watson","Tom","House","D","TX",19,FALSE,""
"Castro","Joaquin","House","D","TX",20,TRUE,""
"Garza","Mauro","House","R","TX",20,FALSE,""
"Roy","Chip","House","R","TX",21,TRUE,""
"Davis","Wendy","House","D","TX",21,FALSE,""
"Nehls","Troy","House","R","TX",22,TRUE,""
"Kulkarni","Sri Preston","House","D","TX",22,FALSE,""
"Gonzalez","Tony","House","R","TX",23,TRUE,""
"Ortiz Jones","Gina","House","D","TX",23,FALSE,""
"Van Duyne","Beth","House","R","TX",24,TRUE,""
"Valenzuela","Candace","House","D","TX",24,FALSE,""
"Williams","Roger","House","R","TX",25,TRUE,""
"Oliver","Julie","House","D","TX",25,FALSE,""
"Burgess","Michael","House","R","TX",26,TRUE,""
"Iannuzzi","Carol","House","D","TX",26,FALSE,""
"Cloud","Michael","House","R","TX",27,TRUE,""
"De La Fuente","Rick","House","D","TX",27,FALSE,""
"Cuellar","Henry","House","D","TX",28,TRUE,""
"Whitten","Sandra","House","R","TX",28,FALSE,""
"Garcia","Sylvia","House","D","TX",29,TRUE,""
"Blanco","Jaimy","House","R","TX",29,FALSE,""
"Johnson","Eddie Bernice","House","D","TX",30,TRUE,""
"Pennie","Tre","House","R","TX",30,FALSE,""
"Carter","John","House","R","TX",31,TRUE,""
"Imam","Donna","House","D","TX",31,FALSE,""
"Allred","Colin","House","D","TX",32,TRUE,""
"Collins","Genevieve","House","R","TX",32,FALSE,""
"Veasey","Marc","House","D","TX",33,TRUE,""
"Vasquez","Fabian","House","R","TX",33,FALSE,""
"Vela Jr","Filemon","House","D","TX",34,TRUE,""
"Gonzalez","Rey","House","R","TX",34,FALSE,""
"Doggett","Lloyd","House","D","TX",35,TRUE,""
"Garcia Sharo","Jennifer","House","R","TX",35,FALSE,""
"Babin","Brian","House","R","TX",36,TRUE,""
"Lewis","Rashad","House","D","TX",36,FALSE,""
"Moore","Blake","House","R","UT",1,TRUE,""
"Parry","Darren","House","D","UT",1,FALSE,""
"Stewart","Chris","House","R","UT",2,TRUE,""
"Weston","Kael","House","D","UT",2,FALSE,""
"Curtis","John","House","R","UT",3,TRUE,""
"Thorpe","Devin","House","D","UT",3,FALSE,""
"Owens","Burgess","House","R","UT",4,TRUE,""
"McAdams","Ben","House","D","UT",4,FALSE,""
"Welch","Peter","House","D","VT",1,TRUE,""
"Berry","Miriam","House","R","VT",1,FALSE,""
"Wittman","Rob","House","R","VA",1,TRUE,""
"Rashid","Qasim","House","D","VA",1,FALSE,""
"Luria","Elaine","House","D","VA",2,TRUE,""
"Taylor","Scott","House","R","VA",2,FALSE,""
"Scott","Bobby","House","D","VA",3,TRUE,""
"Collick","John","House","R","VA",3,FALSE,""
"McEachin","Donald","House","D","VA",4,TRUE,""
"Benjamin","Leon","House","R","VA",4,FALSE,""
"Good","Bob","House","R","VA",5,TRUE,""
"Cameron","Webb","House","D","VA",5,FALSE,""
"Cline","Ben","House","R","VA",6,TRUE,""
"Betts","Nicholas","House","D","VA",6,FALSE,""
"Spanberger","Abigail","House","D","VA",7,TRUE,""
"Freitas","Nick","House","R","VA",7,FALSE,""
"Beyer","Don","House","D","VA",8,TRUE,""
"Jordan","Jeff","House","R","VA",8,FALSE,""
"Griffith","Morgan","House","R","VA",9,TRUE,""
"Wexton","Jennifer","House","D","VA",10,TRUE,""
"Andrews","Aliscia","House","R","VA",10,FALSE,""
"Connolly","Gerry","House","D","VA",11,TRUE,""
"Anantatmula","Manga","House","R","VA",11,FALSE,""
"DelBene","Suzan","House","D","WA",1,TRUE,""
"Beeler","Jeffrey","House","R","WA",1,FALSE,""
"Larsen","Rick","House","D","WA",2,TRUE,""
"Hazelo","Timothy","House","R","WA",2,FALSE,""
"Herrera Beutler","Jaime","House","R","WA",3,TRUE,""
"Long","Carolyn","House","D","WA",3,FALSE,""
"Newhouse","Dan","House","R","WA",4,TRUE,""
"McKinley","Douglas","House","D","WA",4,FALSE,""
"McMorris Rodgers","Cathy","House","R","WA",5,TRUE,""
"Wilson","Dave","House","D","WA",5,FALSE,""
"Kilmer","Derek","House","D","WA",6,TRUE,""
"Kreiselmaier","Elizabeth","House","R","WA",6,FALSE,""
"Jayapal","Pramila","House","D","WA",7,TRUE,""
"Keller","Craig","House","R","WA",7,FALSE,""
"Schrier","Kim","House","D","WA",8,TRUE,""
"Jensen","Jesse","House","R","WA",8,FALSE,""
"Smith","Adam","House","D","WA",9,TRUE,""
"Basler","Doug","House","R","WA",9,FALSE,""
"Strickland","Marilyn","House","D","WA",10,TRUE,""
"McKinley","David","House","R","WV",1,TRUE,""
"Cline","Natalie","House","D","WV",1,FALSE,""
"Mooney","Alex","House","R","WV",2,TRUE,""
"Kunkel","Cathy","House","D","WV",2,FALSE,""
"Miller","Carol","House","R","WV",3,TRUE,""
"Turner","Hillary","House","D","WV",3,FALSE,""
"Steil","Bryan","House","R","WI",1,TRUE,""
"Polack","Roger","House","D","WI",1,FALSE,""
"Pocan","Mark","House","D","WI",2,TRUE,""
"Theron","Peter","House","R","WI",2,FALSE,""
"Kind","Ron","House","D","WI",3,TRUE,""
"Van Orden","Derrick","House","R","WI",3,FALSE,""
"Moore","Gwen","House","D","WI",4,TRUE,""
"Rogers","Tim","House","R","WI",4,FALSE,""
"Fitzgerald","Scott","House","R","WI",5,TRUE,""
"Palzewicz","Tom","House","D","WI",5,FALSE,""
"Grothman","Glenn","House","R","WI",6,TRUE,""
"King","Jessica","House","D","WI",6,FALSE,""
"Tiffany","Tom","House","R","WI",7,TRUE,""
"Zunker","Tricia","House","D","WI",7,FALSE,""
"Gallagher","Mike","House","R","WI",8,TRUE,""
"Stuck","Amanda","House","D","WI",8,FALSE,""
"Cheney","Liz","House","R","WY",1,TRUE,""
"Grey Bull","Lynnette","House","D","WY",1,FALSE,""
